origName,equivalentName
Victoria,614D
Victoria-ps,614D
D614G,D614G
614D,614D
WA1,614D
Bavpat1,D614G
B.1,D614G
B.1+P681R,D614G+P681R
N501Y+D614G,N501Y+D614G
B.1.1.7,B.1.1.7
B.1.617.2,B.1.617.2
B.1.429,B.1.429
P.1,P.1
B.1.526,B.1.526
B.1.526+E484K,B.1.526+E484K
B.1.526 (E484K),B.1.526+E484K
B.1.526.E484K,B.1.526+E484K
P.2,P.2
B.1.617.1,B.1.617.1
B.1.617.1-ps,B.1.617.1
B.1.351,B.1.351
L452R,L452R
L452R.E484Q,L452R+E484Q
E484Q,E484Q
E484K,E484K
B.1.351_N417K,B.1.351+N417K
P.1_T417K,P.1+T417K
B.1.429_K417N,B.1.429+K417N
B.1.617.1_K417N,B.1.617.1+K417N
B.1.1.7_E484K,B.1.1.7+E484K
Bristol,B.1.1.7+E484K
B.1.617.2_K417N,B.1.617.2+K417N
B.1.617.2+K417N,B.1.617.2+K417N
B.1.1.7+E484K,B.1.1.7+E484K
B.1.621,B.1.621
C.36.3,C.36.3
B.1.526+S477N,B.1.526+S477N
B.1.526 (S477),B.1.526+S477N
C.37,C.37
B.1.630,B.1.630
B.1.525,B.1.525
R.1,R.1
A.23.1,A.23.1
AY.1,AY.1
AY.2,AY.2
AY.3,AY.3
AY.3+E484Q,AY.3+E484Q
B.1.1.529,B.1.1.529
P.1.1, P.1
BA.1, BA.1
BA.2, BA.2
